title,org,desc
HELP OUR SENIORS STAY INDEPENDENT - ALL BOROUGHS,NYC Dept. for the Aging Bill Payer Program,"Remaining in their own homes is critical for our seniors and you can help! Compassionate, detail-oriented volunteers, using their..."
Unique Opportunities,NYC Department for the Aging (DFTA),"Occasionally the DFTA Volunteer Resource Center seeks volunteers for short-term, one-time or special projects throughout New York City...."
Assistant to Chapter Treasurer,SCORE NYC,SCORE NYC is the local chapter servicing / mentoring the New York City area's business community. We are looking for an organized...
Serve Lunch to Older Adults on LES!,Manny Cantor Center,"Help serve lunch to older adults on the Lower East Side to ensure they have a hot, healthy meal to eat! Each day about 150 seniors attend..."
Be Part of Someone's Legacy--Become a Hospice Volunteer!,MJHS Hospice and Palliative Care,MJHS Hospice provides a specialized program of care and services for end-of-life patients. MJHS Hospice provides care for pediatric and...
Friendly Visits with a Lesbian Elder in Brooklyn - Spanish Speaking,GRIOT Circle Inc.,"Friendly Visiting with a Lesbian Elder If you identify as a lesbian or queer woman, speak Spanish and you would love to meet with an..."
Friendly Visiting,Visiting Neighbors,"Volunteers are matched with homebound, isolated and lonely seniors whom they visit at least once each week. Many volunteers supplement..."
Christmas/Chanukah Elfing Project,Visiting Neighbors,"ELVES WANTED! Brighten the holidays for a lonely senior (and yourself). We're looking for a few good elves to deliver gifts to homebound,..."
Shop & Escort,Visiting Neighbors,"Volunteers help seniors with shopping or errands, accompany them to the doctor or other appointments, provide a steady arm to lean on, as..."
Spanish-Speaking Clinic Volunteer,YAI-Network,YAI is seeking a fluent Spanish-speaking volunteer to help fill out intakes and translate documents in the clinic. Interested? Email...
One of the Most Direct Ways to Help - Prepare Tax Returns!,"Grow Brooklyn, Inc.","Grow Brooklyn is a not-for-profit corporation whose mission is to enable members of its community to preserve and grow their assets,..."
File Clerk,JASA,Purpose Volunteers are needed to help JASA’s Administrative Departments stay organized by assisting with clerical tasks....
Exercise Instructor - JASA Club 76 Senior Center,JASA,Purpose Regular exercise is an essential part of a healthy lifestyle. Lead a special evidence-based fall prevention exercise workshop for...
JASA is looking for Motivated Volunteers at Program Sites throughout New York City!,JASA,JASA has volunteer opportunities available at sites throughout New York City. Please contact Blaise McNair for more information at...
Project FIND Annual Christmas Community Celebration,Project FIND,Dinner will be served to seniors on site and meals will be delivered to homebound seniors. We will need: homebound meal deliverers wait...
Preparation for Project FIND Annual Christmas Dinner and Community Celebration,Project FIND,"Dec,24th -3:30 pm to 6:00 pm- Set-up Tables and pack gift Bags."
Encore Senior Center: Meals on Wheels - Saturday Delivery (Hell's Kitchen),Catholic Charities of the Archdiocese of New York,This is a great *family friendly*volunteer opportunity -- all ages welcome! Help us deliver meals on foot to our seniors in the midtown...
Appointment Companion & Special Project Volunteer,heights and hills,"Appointment Companion & Special Project volunteers are ready, willing and able to volunteer in a wide range of capacities across our..."
Crown Heights needs Friendly Visitors!,heights and hills,"Do you live or work in Crown Heights? We are looking for kind, patient, firendly volunteers who are interested in getting to know their..."
Respite Buddies needed!,heights and hills,Are you kind and collaborative by nature and looking for a way to give back that makes a real impact? Become a trusted friend and help...
Help Seniors and Others in Need Keep Their Pets! Volunteer with PAWS NY! (All Boroughs!),Pets Are Wonderful Support (PAWS NY),"Pets Are Wonderful Support (PAWS NY) is a grassroots, volunteer-driven organization. If you enjoy spending time with both people and..."
IVC seeks Active Seniors in New York,Ignatian Volunteer Corps,The Ignatian Volunteer Corps (IVC) exists to address the greatest social needs of New York City Metro area with the experience and skills...
Spend time with Spanish or Polish speaking seniors during the holiday season,RIDGEWOOD BUSHWICK SENIOR CITIZENS COUNCIL INC,"Riseboro Community Partnership is seeking Fun and innovative volunteers who are interested in spending one hour, one day a week with a..."
Buscando voluntarios para pasar tiempo con nuestro ancianos,RIDGEWOOD BUSHWICK SENIOR CITIZENS COUNCIL INC,"La programa de visitas amigables en Riseboro Community Partnership, es en un nuevo servicio que estamos empezando en el Programa de..."
Spend an hour one day per week with a isolated senior for the Summer.,RIDGEWOOD BUSHWICK SENIOR CITIZENS COUNCIL INC,"Riseboro Community Partnership is seeking Fun and innovative volunteers who are interested in spending one hour, one day a week with a..."
Pantry Support,UNITED JEWISH COUNCIL OF THE EAST SIDE INC,Volunteers will be making packages that were ordered by clients earlier in the day. Once the package is made it will be put on a shelf...
Piano Player for Dementia Program,Lenox Hill Neighborhood House,"Lenox Hill Neighborhood House, widely recognized as one of New York's premiere human services providers, is a 125-year-old settlement..."
Computer Lab Assistant,Lenox Hill Neighborhood House,"Lenox Hill Neighborhood House, widely recognized as one of New York's premiere human services providers, is a 125-year-old settlement..."
Volunteer Advocate or Benefits Specialist for Seniors - adults 55+ only,Retired & Senior Volunteer Program (RSVP)/CSSNYC,Want to make a difference? Help seniors who feel disconnected from vital resources in their communities learn about and gain access to...
Pet Housecall or Pantry Volunteer - adults 55+ only,Retired & Senior Volunteer Program (RSVP)/CSSNYC,"Want to make a difference? Want to make a difference in the lives of both people and animals? Through this remarkable organization, you..."
Data Analytics Intern,Lighthouse Guild,"Information technology (IT) is responsible for the application of computers to store, retrieve, transmit and manipulate data, or..."
Information Technology Intern,Lighthouse Guild,"Lighthouse Guild seeks an intern to perform administrative tasks which are associated with computer, network and printing related issues..."
Outreach Assistant,Lighthouse Guild,"Outreach initiatives advance the use of Lighthouse Guild services through strategic, targeted contacts, collaborations, partnerships and..."
Special Events Program Assistant,Lighthouse Guild,"The Volunteer Resources Department is responsible for planning, organizing and coordinating special events that bring value to the..."
GuildCare Program Intern,Lighthouse Guild,"The Adult Day Health Care Program (GuildCare, Manhattan), which provides healthcare and recreation for multicultural seniors with vision..."
Web Design and Development Intern,Lighthouse Guild,Lighthouse Guild is looking for a highly curious and motivated Web Designer/Developer intern to be a part of our marketing team to help...
Project Assistant Intern,Lighthouse Guild,"This position is ideal for a student with an interest in non-profit management, human resources administration or business management,..."
Reading Services Intern,Lighthouse Guild,The Reading Service Program connects a visually impaired person with a reading volunteer who provides assistance accessing otherwise...
Grant Writing Internship,Lighthouse Guild,"The Volunteer Resources Department administers the volunteer recruitment, screening and interviewing, orientation, training and..."
Behavioral Health Medical Billing Intern,Lighthouse Guild,"PRINCIPAL DUTIES AND RESPONSIBILITIES: Under the direction of the administrative supervisor, the program assistant will: Generate the..."
Be Part of Someone's Legacy--Become a Hospice Volunteer in Manhattan!,MJHS Hospice and Palliative Care,MJHS Hospice provides a specialized program of care and services for end-of-life patients. MJHS Hospice provides care for pediatric and...
Seniors Projects with New York Cares in Brooklyn,New York Cares,"Seniors in nursing facilities tend to have few visitors, but with a few hours of your time, you can provide the social interaction vital..."
Seniors Projects with New York Cares,New York Cares,"Seniors in nursing facilities tend to have few visitors, but with a few hours of your time, you can provide the social interaction vital..."
Have Fun Serving Dinner At Sirovich Senior Center,Sirovich Senior Center,"Sirovich Center for Balanced Living is a hub of recreational, social, cultural, educational, and health programming for people aged 60+...."
Seeking Licensed Cosmetologists to Provide Dignity & Comfort for Hospice,Visiting Nurse Service of New York Hospice and...,"We are looking for volunteers to expand our Pampering with Distinction program, which provides gentle hair &/or nail care to patients..."
Friendly Visiting with LGBTQ+ Elders,GRIOT Circle Inc.,"Via a partnership with The NYC Department for the Aging, and Citymeals on Wheels, GRIOT Circle is looking for responsible volunteers who..."
Many Volunteer Opportunities Available for Adults 55 and Older,Retired & Senior Volunteer Program (RSVP)/CSSNYC,"Want to make a difference? Started in 1966 by the Community Service Society, an over 170-year-old nonprofit agency, RSVP matches the..."
Knitting Group Volunteer - adults 55+ only,Retired & Senior Volunteer Program (RSVP)/CSSNYC,Want to make a difference? Do you enjoy knitting and/or are you generally crafty? Or perhaps you just want a good excuse to get out of...
Computer Skills Instructor - adults 55+ only,Retired & Senior Volunteer Program (RSVP)/CSSNYC,Want to make a difference? Are you a tech savvy individual who can see yourself helping others tackle computer basics? Instruction topics...
Senior Service Agency Volunteer - adults 55+ only,Retired & Senior Volunteer Program (RSVP)/CSSNYC,"Want to make a difference? Do you want to do some good at a multi-service nonprofit serving youth, families, and older adults? No matter..."
Farm Helper - adults 55+ only,Retired & Senior Volunteer Program (RSVP)/CSSNYC,"Want to make a difference? Don't mind getting your hands dirty? Want to help connect Brooklyn residents with healthy, local, and..."
Help People with Alzheimer's - adults 55+ only,Retired & Senior Volunteer Program (RSVP)/CSSNYC,Want to make a difference? Do you or someone you know struggle with Alzheimer’s? Or perhaps your heart merely goes out to those who...
Friendly Visitor - adults 55+ only,Retired & Senior Volunteer Program (RSVP)/CSSNYC,"Want to make a difference? Visit a homebound senior or hospital patient in need of companionship. Play a game, read mail, discuss a book..."
LGBTQ Organization Volunteer - adults 55+ only,Retired & Senior Volunteer Program (RSVP)/CSSNYC,"Want to make a difference? Interested in assisting a community-based, multigenerational organization serving LGBTQ elders of color? Want..."
It's never too late to make a good friend.  Visit a homebound senior today! (adults 55+...,Retired & Senior Volunteer Program (RSVP)/CSSNYC,Want to make a difference? There are a number of seniors isolated in their homes many of whom would like nothing more than a little...
Technology Learning Center Volunteer - adults 55+ only,Retired & Senior Volunteer Program (RSVP)/CSSNYC,Want to make a difference? Do you see the value in technology? Do you wish others could see it too? Help train youth ages 16 to 24 to in...
Adopt A Grandparent Program,Cobble Hill Health Center,Our Adopt A Grandparent Program matches volunteers from the community with seniors at our facility to form a sustained and meaningful...
Visit A Senior,Cobble Hill Health Center,"Volunteers needed to come visit a senior, read a book, play checkers/chess or just chat."
"""Bring a smile to a senior. Adopt A Grandparent",Cobble Hill Health Center,"Come visit. Spend some time. Join our ""Adopt a Grandparent"" Program. Experience a beautiful life. At Cobble Hill Health Center,..."
Give Massages to Lantern Residents!,Lantern Community Services,Lantern Community Services is a homeless services non-profit that helps people who are formerly homeless or have recently aged out of...
Spanish-Speaking Hospice Volunteers - Visiting Nurse Service of NY,Visiting Nurse Service of New York Hospice and...,"Background: Established in 1893, Visiting Nurse Service of New York (VNSNY) is the nation’s largest not-for-profit community-based..."
Hospice Volunteers - Visiting Nurse Service of New York,Visiting Nurse Service of New York Hospice and...,"Background: Established in 1893, Visiting Nurse Service of New York (VNSNY) is the nation’s largest not-for-profit community-based..."
Help The Helpless,REHOBOTH CENTER INC,-Chinese Interpreters: (1) Cantonese and (2) Manderin -Board Member -Grant writers -Resource Development Managers -Strategic Planners...
Make a difference become a Long Term Care Ombudsman,CIDNY- Long Term Care Ombudsman Program,Volunteer Certified Long Term Care Ombudsmen are a vital link between residents of long term care facilities and the government resources...
"Welcome Desk Ambassador, Park Slope Center for Successful Aging",heights and hills,The Welcome Desk Ambassedor greets existing and new members of the Park Slope Center for Successful Aging in person and provides...
Friendly Visiting,heights and hills,"Since 1971, Heights and Hills has helped Brooklyn's older adults age successfully in their communities with independence, dignity and..."
Health Care: Cats/Kittens,"KittyKind, Inc.",Read about KittyKind at www.kittykind.org KittyKind is all-volunteer cat rescue and cat adoption group located in the Petco store on 17th...
"Friendly Visitors Needed in Bayside, Flushing, College Point, and Whitestone, Queens!!!",Selfhelp,Selfhelp Queens North Friendly Visiting is a program that matches homebound seniors with volunteers in their community who make weekly...
Auction and Gala Committee Member,Lifeforce in Later Years,Looking to meet new people? Not shy and want to contribute to a better Harlem? Join in helping one of Harlem's most exciting and...
"Arts & Crafts, Knitting, Crocheting,Beading at The New Jewish Home","The New Jewish Home, Manhattan Division","Come join the elders at The New Jewish Home for the Knitting, Crochet, and Beading workshops. This is a great opportunity for a creative..."
Friendly Visiting Volunteers Needed!,Selfhelp,Selfhelp Queens North Friendly Visiting is a program that matches homebound seniors with volunteers in their community who make weekly...
Nail Spa at The New Jewish Home,"The New Jewish Home, Manhattan Division",You do not have to be a professional to provide residents with manicures. Socialize with older adults while doing their nails. You will...
Transporter - Physical therapy or Clinic at The New Jewish Home,"The New Jewish Home, Manhattan Division",Great opportunity for students and adults alike. Volunteers are needed weekdays until 4:00 pm to assist with patient ambulation....
"ENGLISH, SPANISH, GREEK, KOREAN, RUSSIAN Speakers: Friendly Visitors Needed",Selfhelp,Selfhelp Queens North Friendly Visiting is a program that matches homebound seniors with volunteers in their community who make weekly...
Librarian at The New Jewish Home,"The New Jewish Home, Manhattan Division","Volunteers will assist with the upkeep of our library, shelving books, visiting residents with our mobile book cart to offer selections,..."
Catholic/Protestant Worship Volunteer at The New Jewish Home,"The New Jewish Home, Manhattan Division","Working with our Department of Religious Life and Spiritual Care, Volunteers assist with religious services including assisting assist..."
Special Event & Holidays Assistant,"The New Jewish Home, Manhattan Division","The New Jewish Home seeking volunteers to assist with event set-up and transport of residents to special events on holidays, weekends,..."
Lunch Service Volunteer - JASA Brighton Beach Senior Center,JASA,"Purpose Help to ensure seniors are receiving warm, nutritious meals in a timely, orderly manner by assisting with set-up, serving and..."
Be a Thanksgiving Volunteer at a Senior Center!,Union Settlement,Help our program staff spread holiday cheer and serve Thanksgiving meals to seniors at our Gaylord White Senior Center! We're looking for...
Volunteer at a Senior Center this Thanksgiving!,Union Settlement,Help our program staff spread holiday cheer and serve Thanksgiving meals to seniors at our Corsi Senior Center! We're looking for...
Fitness Room Monitor - Senior Center,COMMUNITY AGENCY FOR SENIOR CITIZENS INC,Join Cassidy Coles Senior Center in their new Wellness Program by volunteering to monitor the Wellness room during fitness activities....
"Hospice Volunteers - Companion, Music, Pet Therapy, Reiki - Rutherford",Ascend Hospice,"If you have an hour or more per week to give, Ascend Hospice welcomes your gifts of time and compassion. Whether you choose to work..."
"Hospice Volunteers - Companion, Music, Pet Therapy, Reiki - Cliffside Park",Ascend Hospice,"If you have an hour or more per week to give, Ascend Hospice welcomes your gifts of time and compassion. Whether you choose to work..."
"Hospice Volunteers - Companion, Music, Pet Therapy, Reiki - Little Ferry",Ascend Hospice,"If you have an hour or more per week to give, Ascend Hospice welcomes your gifts of time and compassion. Whether you choose to work..."
NYCP Manhattan: Help Pack Groceries for Food Insecure Families,New York Common Pantry,"Help food insecure families receive free groceries by packing fresh produce, taking grocery orders on tablets, assembling and..."
Seniors Need Smiles: Friendly Visiting Opportunity,Jewish Community Council of Greater Coney Island,"Looking for volunteers to visit homebound seniors in the area of Coney Island, Brighton Beach and Marine Par Areas of Brooklyn. Call us..."
An Oldie but Goodie: Friendly Visiting,Jewish Community Council of Greater Coney Island,"Friendly Visiting NY, funded through Citymeals on Wheels, has partnered with DFTA to provide homebound seniors with weekly visits...."
Smiles on Seniors,Jewish Community Council of Greater Coney Island,You can volunteer and make a real difference in a homebound individuals life in so many different ways. W e are a dynamic and diverse...
Can you spare 1 hour?,Jewish Community Council of Greater Coney Island,"If you live in Brooklyn or travel to Brooklyn on a weekly basis and can commit to one hour a week for at least 6 months, this is the..."
Cat's got your tongue? Friendly Visiting,Jewish Community Council of Greater Coney Island,Visit a homebound senior in your area! Not only will you make a difference in their lives but you will learn so much form them! We have a...
Senior Socialization-Give a senior a reason to smile!,Jewish Community Council of Greater Coney Island,Volunteer to visit a homebound senior in your area. These seniors desperately need the human contact and socialization and WE need YOU to...
Senior Buddy-Socialization at it's Best!,Jewish Community Council of Greater Coney Island,Volunteers needed to partner with senior clients to help then get to and from medical appointments/centers/temples. This program aims to...
Visit and learn from a Holocaust Survivor,Jewish Community Council of Greater Coney Island,"Our mission is to serve homebound seniorsa sense of connection through our volunteers. Our seniors live alone, without family or friends..."
Friendly Visiting - Retired Volunteers to Visit Homebound Seniors,Jewish Community Council of Greater Coney Island,Retired? Have extra time on your hands? You can help! Do you have extra time on your hands that you're looking to fill in a meaningful...
We all have a best friend through each stage in life! Visit a Senior in Your area!,Jewish Community Council of Greater Coney Island,The eldest trees often bear the sweetest fruit! Visit a senior in your area and learn from them and grow mentally and spiritually all...
Friendly Visiting- Help Bring a Smile to a Senior's Face,Jewish Community Council of Greater Coney Island,Can you spare one hour a week? Why not make that one hour count! Join the Friendly Visiting Program and that one hour will make a...
Our senior friends would love to meet you!,Jewish Community Council of Greater Coney Island,"As the warmer weather approaches we continue to look for volunteers who will join our wonderful program, and bring a bit of warmth and..."
1 Senior 1 Volunteer and 2 Smiles,Jewish Community Council of Greater Coney Island,Friendly Visiting NY works with Citymeals on Wheels and NYC Department for the Aging to alleviate the loneliness of our elderly homebound...
Senior Visiting in Coney Island/Brighton Beach,Jewish Community Council of Greater Coney Island,Visit a homebound senior in the area of COney Island and Brighton Beach. You can volunteer and make a real difference in a homebound...
Senior's love for Cats,Jewish Community Council of Greater Coney Island,"Have some extra time? Enjoy conversation? Have a like for kittens and Cats? Well, here is a great opportunity! Friendly Visiting NY,..."
JASA Legal Services for the Elderly in Queens Needs Volunteer File Clerks!,JASA,Purpose Volunteers are needed to help JASA’s Legal Department stay organized by assisting with clerical tasks. Responsibilities...
Sign Language Companion for People with Developmental Disabilities,YAI-Network,This volunteer position is to provide support and company to two adults who have hearing loss and communicate using American Sign...
"Fall is knocking at the door, Come and Brighten the Lives of Older Adults.",COMMUNITY AGENCY FOR SENIOR CITIZENS INC,"We are Community Agency for Senior Citizens, Inc.(CASC)an agency that serves homebound older adults. CASC has been in Staten Island in..."
Do you like to talk? Share past experiences and memories? We have a Friend for you,COMMUNITY AGENCY FOR SENIOR CITIZENS INC,"Hello, We are Community Agency for Senior Citizens, Inc. also known in Staten Island as CASC. This is the Friendly Visiting Program which..."
Amazing Opportunities Await Staten Islanders To Volunteer with Older Adults,COMMUNITY AGENCY FOR SENIOR CITIZENS INC,We have a lovely wheelchair bound senior who spends most of her days alone. This Client does not have much of a family. She loves old...
Hey Do You Want to Brighten Someone's Day? Volunteer's Are the Sunshine that Homebound...,COMMUNITY AGENCY FOR SENIOR CITIZENS INC,"We are Community Agency for Senior Citizens, Inc. (CASC). We have been in Staten Island for over 45years. We only serve Older Adults. The..."
Volunteers - Assist Older Adults  with the Digital World,DIGITAL GRANDPARENTS,"Digital Grandparents (DGI), We are seeking volunteers to assist older adults with improving their technology skills during our community..."
Fellow Scrabble Player to Visit a Senior in Forest Hills,Queens Community House,"Queens Community House is recruiting volunteers for our Friendly Visiting program, a program that matches home bound older adults with..."
Speak Spanish? Want to Volunteer in Queens?,Queens Community House,"Queens Community House is recruiting volunteers for our Friendly Visiting program, a program that matches home bound older adults with..."
Visit with a Senior in Queens!,Queens Community House,Friendly Visiting is a social program for older adults. The program is funded by NYC Department of the Aging. The program matches...
Flatbush and East Flatbush needs Friendly Visiting volunteers!,heights and hills,"Do you live or work in Flatbush/EastFlatbush? We are looking for kind, patient, firendly volunteers who are interested in getting to know..."
HELP ADULTS LEARN TO READ AND WRITE,"World Association for Community Empowerment, Inc.",We are seeking part-time Adult Literacy instructors for our Literacy Assistance Program on Staten Island. Interested individuals should...
Older adult who loves fox news needs a volunteer to spend 1 hour a week,NEIGHBORHOOD SELF HELP BY OLDER PERSONS PROJECT...,Spend some time chatting with an elderly woman who loves fox news. Call Vladimir at 718-328-3536 extension45 and/or email:...
Friendly Visiting with LGBTQ+ Elders in Staten Island,GRIOT Circle Inc.,"Via a partnership with The NYC Department for the Aging, and Citymeals on Wheels, GRIOT Circle is looking for responsible volunteers who..."
Meal Service - Individuals & small groups welcome,The Carter Burden Network,"The Carter Burden Network is dedicated to supporting the efforts of older people to remain in their homes living independently, safely,..."
Volunteers:  Cold Pack Station,The Carter Burden Network,"The Carter Burden Network is dedicated to supporting the efforts of older people to remain in their homes living independently, safely,..."
Weekend Volunteer at the New Jewish Home,"The New Jewish Home, Manhattan Division","Volunteers are needed to transport residents to and from Friday afternoon, Saturday and Sunday religious services, afternoon concerts..."
Theatre Workshop Assistant at The New Jewish Home,"The New Jewish Home, Manhattan Division",Come join the elders at The New Jewish Home on Thursday mornings for Theatre Workshop. Volunteers will escort elders to & from the...
Help seniors attend Shabbat Services,"The New Jewish Home, Manhattan Division",Help Elders Attend Shabbat Services at The New Jewish Home. The New Jewish Home is seeking volunteers who are avaliable weekly this fall...
Music Appreciation at The New Jewish Home,"The New Jewish Home, Manhattan Division","The New Jewish Home, Manhattan is seeking music lovers to assist with our Music programs. We have several exiting programs scheduled..."
Jewish Culture Hour at The New Jewish Home,"The New Jewish Home, Manhattan Division",We are seeking individuals to assist weekly with transporting residents to with religious life events on Tuesday and Thursday Afternoons....
Senior Companions - Brooklyn (Kings County),NYS OPWDD Senior Companion Program,Come volunteer as a Senior Companion in Brooklyn! *Must be 55 years or older to volunteer Senior Companions provide one-on-one support...
Cardiac Concierge,Mount Sinai St. Luke's Hospital,The Cardiac Concierge volunteer will assist the department staff by ensuring patient comfort and serve as a customer liaison and point of...
Volunteer with Older Adults on Your Schedule,"DOROT, Inc","Join DOROT""s Response Team for Occasional Visiting with Older Adults Respond to requests for volunteers to visit and work with older..."
Facilitators for adult bereavement support groups,"Service Program for Older People, Inc. (SPOP)",Service Program for Older People (SPOP) is recruiting facilitators for adult bereavement support groups. This can be a deeply meaningful...
Be Part of Someone's Legacy--Become a Hospice Volunteer in Brooklyn!,MJHS Hospice and Palliative Care,MJHS Hospice provides a specialized program of care and services for end-of-life patients. MJHS Hospice provides care for pediatric and...
Seniors Projects with New York Cares in Queens,New York Cares,"Seniors in nursing facilities tend to have few visitors, but with a few hours of your time, you can provide the social interaction vital..."
Seniors Projects with New York Cares in Staten Island,New York Cares,"Seniors in nursing facilities tend to have few visitors, but with a few hours of your time, you can provide the social interaction vital..."
In need of an Arts and Crafts Instructor,DORCHESTER SENIOR CITIZENS CENTER INC,The Dorchester Senior Citizens Center is in need of an arts and crafts instructor to run a class once a week. Currently members are doing...
Prep & Serve (18+),Food Bank For New York City,"Volunteers chop, mix, and prepare food for use at our nightly dinner service, serving up to 500 New Yorkers. You'll also serve a fresh..."
Senior Breakfast (18+),Food Bank For New York City,Volunteers serve breakfast to the elderly at our Senior Program! Some of the most vulnerable New Yorkers are senior citizens. Be on the...
Dinner Service (18+),Food Bank For New York City,"Volunteers serve a hot meal, offer a friendly face, and show fellow New Yorkers that they care! Serve plated meals, give out to go meals,..."
Volunteer Tech Coach,"DOROT, Inc",DOROT’s new One-to-One Technology Coaching Program helps older adults learn to use technology for social connection and accessing...
Donate Birthday Gifts for DOROT's Birthday Visiting Program,"DOROT, Inc","Host a Birthday Gift Drive or Packing Event where you and your closest friends, co-workers, or classmates can come together to purchase..."
Music and Memory,AHRC NYC,"Do you want to be a part of an exciting, innovative project that taps into your passion for music and technology? Whether you are a..."
Internship in Social Services for College Students,"DOROT, Inc","DOROT offers semester or year-long internships for college students interested in careers in non-profit management, community organizing,..."
Music Therapy Volunteers needed in Hudson County,Homeside Hospice,Homeside Hospice is looking for volunteers to provide Music Therapy to our patients in assisted living and in nursing homes in Hudson...
RECREATION THERAPY VOLUNTEERS,THE BROOKDALE UNIVERSITY HOSPITAL AND MEDICAL...,Therapeutic Recreation Volunteers are needed to provide assistance in the Schulman and Schachne Institute for Nursing and...
VOLUNTEER OPPORTUNTITIES,THE BROOKDALE UNIVERSITY HOSPITAL AND MEDICAL...,"Several volunteer opportunities exist in the hospital and/or nursing home. These include: Clerical, Surgical Advocate, Emergency Room,..."
Help seniors attend Religious Life at The New Jewish Home,"The New Jewish Home, Manhattan Division",We are seeking individuals to assist weekly with transporting residents to Religious Services Please apply online at the following link:...
Exercise at The New Jewish Home,"The New Jewish Home, Manhattan Division",Come join the elders at The New Jewish Home to assist with some weekly exercise programs. Volunteers will escort elders to & from the...
Volunteen - Youth Volunteer at The New Jewish Home,"The New Jewish Home, Manhattan Division","The New Jewish Home is seeking youth volunteers (13-17) who are available after school, weekends, holidays, and school breaks. As a youth..."
Help elders attend recreation activities - Transport Assistant,"The New Jewish Home, Manhattan Division",Work under the direction of the staff and with other volunteers to assist in transporting residents in wheelchairs to and from their...
Friendly Visitor at The New Jewish Home,"The New Jewish Home, Manhattan Division","As a friendly volunteer at The New Jewish Home, Manhattan you could be that person who will listen, that much needed friend by spending..."
Music Programs at The New Jewish Home,"The New Jewish Home, Manhattan Division",The New Jewish Home is seeking volunteers who are available weekly on Monday & Tuesday Afternoons in our auditorium as well as...
Travelers Aid Newark Liberty International Airport Volunteer,Travelers Aid Newark Liberty International...,Travelers Aid at Newark Liberty International Airport is seeking volunteers to welcome passengers and provide information regarding a...
Garden and Composting Volunteer,COUNCIL OF PEOPLES ORGANIZATION,"Do you have a green thumb? COPO, a non profit based in Midwood, is starting a community garden and composting program this summer in our..."
Volunteer with Meals on Wheels Monday through Saturday!,Union Settlement,We're looking for several people to volunteer with our Meals on Wheels program Monday through Friday 9am - 1pm or Saturdays 8:30am to...
Do You Speak Hebrew? Looking to Volunteer in Queens?,Queens Community House,Female Jewish senior in her early 90s who speaks Hebrew and Hungarian is looking for a visitor once a week at her Forest Hills home....
Friendly Visiting Volunteers Needed -- Weekly and Monthly Options,"DOROT, Inc","Visit a senior and forge a new friendship. Enjoy conversation, companionship and share mutual interests. These one hour visits occur..."
Serve and Host Meals at DOROT's Homeless Prevention Program for Seniors,"DOROT, Inc","Mix and mingle with DOROT’s Homelessness Prevention Program participants on Thursday evenings. Help serve group dinners, sample a..."
Pharmacy Assistant at The New Jewish Home,"The New Jewish Home, Manhattan Division","The New Jewish Home, Manhattan is currently accepting applications to begin late summer or fall (on or after Aug 19th) to assist in our..."
Office Assistant at The New Jewish home,"The New Jewish Home, Manhattan Division","Volunteers are needed weekdays to assist in a number of offices within our facility. Duties include filing, answering phones, xeroxing,..."
Recreation Assistant at The New Jewish Home,"The New Jewish Home, Manhattan Division","The New Jewish Home is seeking volunteers are needed weekdays, weekends, and some evenings to assist our Therapeutic Recreation staff in..."
Read the Bible with a Spanish-speaking senior in her Forest Hills home,Queens Community House,Sweet and adorable older adult is interested in a friendly visitor to come to her home. This senior considers herself a spiritual person...
Chefs for Food Pantry/Food Justice Organization,The Campaign Against Hunger (TCAH),We are looking for a Nutritionist or Chef with a knowledge/passion for ending hunger and homelessness and providing people with ways to...
Jewish Folk singer wanted for Dementia client,Services Now for Adult Persons,We have a senior client who suffers from Dementia and has 24 hour care. Her family feels she would benefit from a visitor to come once a...
Become a Hospice Volunteer!,Grace Healthcare Services,Grace Healthcare Services is looking for Hospice Volunteers! We welcome your gifts of time and compassion. Whether you choose to work...
Bilingual Computer Instructor,Dominico-American Society of Queens,"Must be able to have a good understanding on basic computer skills, the volunteer(s) will be responsible for teaching these skills to..."
Serenity Hospice Is Looking For Caring People To Volunteer With Our Patients!,Serenity Hospice Care,"Do you want to make a difference in the life of a terminally ill patient? Our patients are located all over NJ, in various facilities and..."
Volunteer Income Tax Assistant,AGAPE HOUSE OF WORSHIP (AHOW),"As a volunteer Tax Assistant, you will assist working families with their tax returns during the tax season. Tax Assistants will be..."
Computer Training,RSS-RIVERDALE SENIOR CENTER,We are looking for a volunteer with the ability to teach basic computer skills to our senior members in either a small group classroom...
Thanksgiving Home Visits,Commonpoint Queens,"We'll be making festive Thanksgiving bags and delivering them to seniors in our neighborhood. Meet at Sam Field Center, receive a..."
Community Patient Support Volunteer,Hospice Care Network,"Hospice Care Network seeks compassionate individuals to provide companionship, respite, run errands, and provide support to people living..."
Give a haircut...become a Hospice Volunteer!,Hospice Care Network,You can make a difference! Come join our team and provide haircuts for people living with an advanced illness within your Queens...
*Thanksgiving* Help Adults With Developmental Disabilities,Commonpoint Queens,You must register for this event with this link: http://cerv.is/m?0295x156 About the program: A Time for Us allows adults with...
Lunch Server and Dining Room Set-Up Volunteer,RSS-RIVERDALE SENIOR CENTER,If you have a passion for working and supporting seniors we invite you to become a Volunteer at Riverdale Senior Services? We are a...
Share Your Pet's Love - Seeking Certified Pet Therapy Volunteers for Hospice!,Hospice Compassus,Life Choice Hospice is seeking Pet Therapy Volunteers to visit our hospice patients throughout Northern NJ. Providing our patients with...
"Hospice/Healthcare Volunteers Needed - Englewood, NJ",Hospice Compassus,Join our team of volunteers. Participate in our engaging and flexible volunteer program. Help play a key role in supporting terminally...
"Hospice Companion Needed in Newark, NJ",Hospice Compassus,Description Utilize free time to be compassionate and genuine in order to reduce terminally ill patients’ loneliness and isolation....
"Caring Hospice/Healthcare Volunteers Needed in West Orange, NJ",Hospice Compassus,Description Utilize free time to be compassionate and genuine in order to reduce terminally ill patients’ loneliness and isolation....
"Hospice Volunteers - Companion, Music, Pet Therapy, Reiki - Teaneck",Ascend Hospice,"If you have an hour or more per week to give, Ascend Hospice welcomes your gifts of time and compassion. Whether you choose to work..."
"Hospice Volunteers - Companion, Music, Pet Therapy, Reiki - Maywood",Ascend Hospice,"If you have an hour or more per week to give, Ascend Hospice welcomes your gifts of time and compassion. Whether you choose to work..."
"Hospice Volunteers - Companion, Music, Pet Therapy, Reiki - Elmwood Park",Ascend Hospice,"If you have an hour or more per week to give, Ascend Hospice welcomes your gifts of time and compassion. Whether you choose to work..."
"Hospice Volunteers - Companion, Music, Pet Therapy, Reiki - Rochelle Park",Ascend Hospice,"If you have an hour or more per week to give, Ascend Hospice welcomes your gifts of time and compassion. Whether you choose to work..."
"Hospice Volunteers - Companion, Music, Pet Therapy, Reiki - Montclair",Ascend Hospice,"If you have an hour or more per week to give, Ascend Hospice welcomes your gifts of time and compassion. Whether you choose to work..."
"Hospice Volunteers - Companion, Music, Pet Therapy, Reiki - Tenafly",Ascend Hospice,"If you have an hour or more per week to give, Ascend Hospice welcomes your gifts of time and compassion. Whether you choose to work..."
"Hospice Volunteers - Companion, Music, Pet Therapy, Reiki - Bergenfield",Ascend Hospice,"If you have an hour or more per week to give, Ascend Hospice welcomes your gifts of time and compassion. Whether you choose to work..."
"Hospice Volunteers - Companion, Music, Pet Therapy, Reiki - River Edge",Ascend Hospice,"If you have an hour or more per week to give, Ascend Hospice welcomes your gifts of time and compassion. Whether you choose to work..."
"Hospice Volunteers - Companion, Music, Pet Therapy, Reiki - Hasbrouck Heights",Ascend Hospice,"If you have an hour or more per week to give, Ascend Hospice welcomes your gifts of time and compassion. Whether you choose to work..."
"Hospice Volunteers - Companion, Music, Pet Therapy, Reiki  - Clifton",Ascend Hospice,"If you have an hour or more per week to give, Ascend Hospice welcomes your gifts of time and compassion. Whether you choose to work..."
"Hospice Volunteers - Companion, Music, Pet Therapy, Reiki - Teterboro",Ascend Hospice,"If you have an hour or more per week to give, Ascend Hospice welcomes your gifts of time and compassion. Whether you choose to work..."
"Hospice Volunteers - Companion, Music, Pet Therapy, Reiki - Saddle Brook",Ascend Hospice,"If you have an hour or more per week to give, Ascend Hospice welcomes your gifts of time and compassion. Whether you choose to work..."
"Hospice Volunteers - Companion, Music, Pet Therapy, Reiki - Lodi",Ascend Hospice,"If you have an hour or more per week to give, Ascend Hospice welcomes your gifts of time and compassion. Whether you choose to work..."
"Hospice Volunteers - Companion, Music, Pet Therapy, Reiki - Hackensack",Ascend Hospice,"If you have an hour or more per week to give, Ascend Hospice welcomes your gifts of time and compassion. Whether you choose to work..."
NYCP Bronx: Help Pack Groceries for Food Insecure Families,New York Common Pantry,"Help food insecure families receive free groceries at our Bronx Choice Pantry by packing fresh produce, taking groceries orders on..."
Friendship House Volunteer,JASA,"Purpose Volunteers are needed to help at JASA’s Bronx Friendship House, a program for older adults with a history of a mental..."
Volunteer Receptionist,BRONX JEWISH COMMUNITY COUNCIL INC,"We are looking for someone of even two people to work as a volunteer receptionist, answering phones, at our NORC office in Pelham Parkway..."
Medical Scribe,Bergen Volunteer Medical Initiative,BVMI provides free primary healthcare to low-income Bergen County residents who do not have health insurance. Our patients lack the means...
Volunteer Center for 55+,Jewish Family Service of MetroWest,Retired & Senior Volunteer Program (RSVP) RSVP Center of Essex and Hudson Counties is a comprehensive community service organization...
Caribbean Volunteers Needed,NEIGHBORHOOD SELF HELP BY OLDER PERSONS PROJECT...,West Indian volunteers needed from all of the Caribbean Islands to speak their native tongues with seniors who do not have anyone to...
Have fun playing Scrabble,NEIGHBORHOOD SELF HELP BY OLDER PERSONS PROJECT...,Play or learn how to scrabble with a senior? Call Katherine at 718-326-3536 extension 27 and/or email friendlyvisiting.cmp@nshopp.org.
100 Year old Senior with 2 Cats needs a Friendly Visitor,NEIGHBORHOOD SELF HELP BY OLDER PERSONS PROJECT...,"We have a lonely 100 year old senior with 2 cats, near the Yankee Stadium, who would love a volunteer who can visit for 1 hour a week for..."
Veterans  Needed,NEIGHBORHOOD SELF HELP BY OLDER PERSONS PROJECT...,Are you a veteran who would like to meet another veteran like yourself? Please call and/or email Katherine at 718-328-3536 ext 27; email...
La Isla Del Encanto,NEIGHBORHOOD SELF HELP BY OLDER PERSONS PROJECT...,"Puerto Rican or a Nuyorican volunteers are needed to visit seniors who would love to talk, listen and socialize with seniors. If you are..."
Senior Citizen Visitor Needed,NEIGHBORHOOD SELF HELP BY OLDER PERSONS PROJECT...,"Volunteers needed to visit seniors to talk, laugh, listen and to share common interests. We value our volunteers and provide them with..."
Volunteers Needed,NEIGHBORHOOD SELF HELP BY OLDER PERSONS PROJECT...,Many seniors live in our communities without a warm smile or embrace on a regular basis. We are looking for volunteers to enhance the...
Religious Beliefs,NEIGHBORHOOD SELF HELP BY OLDER PERSONS PROJECT...,"Share your religious beliefs with a senior who is willing to listen and talk to you about your church? So, why not volunteer to visit a..."
Digital Literacy Tutor/ Instructor,Commonpoint Queens,Digital Literacy Tutor/ Instructor Position is based in Samuel Field Center Teach basic to intermediate computer classes to adults Offer...
Driver,Jewish Family Service,Deliver meals to homes of elderly. Drive seniors to Doctor appointments. Drive seniors to Club Sequoia when van is not available.
senior companion/special needs respite,Jewish Family Service,"Assist in many ways to make the lives of seniors living in the community more satisfying. You can drive, deliver meals, visit at home,..."
Senior relationship volunteer,Jewish Family Service,"There are a number of ways in which one can relate to senior citizens, reading to those who are visually impaired, driving for meals on..."
H.E.L.P,Trinitas Regional Medical Center,"Hospital Elder Life Program (HELP) The Hospital Elder Life Program is looking for compassionate, responsible, and mature individuals. *H..."
Be Part of Someone's Legacy--Become a Hospice Volunteer in Queens!,MJHS Hospice and Palliative Care,MJHS Hospice provides a specialized program of care and services for end-of-life patients. MJHS Hospice provides care for pediatric and...
Be Part of Someone's Legacy--Become a Hospice Volunteer in the Bronx!,MJHS Hospice and Palliative Care,MJHS Hospice provides a specialized program of care and services for end-of-life patients. MJHS Hospice provides care for pediatric and...
Seniors Projects with New York Cares in the Bronx,New York Cares,"Seniors in nursing facilities tend to have few visitors, but with a few hours of your time, you can provide the social interaction vital..."
Lobby Greeter @ Sam Field Center,Commonpoint Queens,Volunteers serving as a lobby Greeter warmly welcomes visitors to Sparrow’s campus. He or she provides wheelchair and walking...
help in Rochdale Village,Services Now for Adult Persons,"We have a client who could use a friend as she is caregiver for her husband, which has become a full time job. If you would like to know..."
Briarwood area volunteers needed,Services Now for Adult Persons,We have a few seniors that live near the Queens Courthouse on Queens blvd. Parking is not great but if you can get there by foot or...
Friend for an hour in Floral Park,Services Now for Adult Persons,"We have a lovely senior who would like a female friend to talk to, watch old movies, walk with or even play a game of scrabble. If this..."
Bowler with availability on Sundays in Queens,Services Now for Adult Persons,We have a lovely senior who would like a female friend to share in good conversation and even bowl a few games If this opportunity...
Friendly Visitor Volunteers Needed in Queens for Hospice,Visiting Nurse Service of New York Hospice and...,"The role of the VNSNY Hospice Care Volunteer is that of a professional friendly visitor, providing a supportive, caring presence for..."
Searching for Board of Trustees,The Montclair Inn,The Board of Trustees at The Montclair Inn is looking to expand! We currently have 8 board members and we are looking for more volunteers...
Travelers Aid JFK Volunteer,Travelers Aid JFK Airport,Travelers Aid at JFK International Airport welcomes and assists passengers from all around the world giving information regarding a...
"Seeking friendly volunteers in the Jamaica, Hollis and St. Albans areas of Queens","Catholic Charities, Diocese of Brooklyn & Queens","Friendly Volunteer program is looking for fun, outgoing, compassionate, community minded volunteers to spend just one hour, once a week..."
Friendly Visitor,Schervier Rehabilitation & Nursing Center,"Volunteer would provide friendly visits to the resident seniors at the home. Engage them in conversation, read to them, escort them off..."
Gift Shop Attendant,Schervier Rehabilitation & Nursing Center,"Volunteeer will maintain the nursing home gift shop (very small gift shop) by stocking items on the shelves, pricing & displaying..."
Be a hospice volunteer in Essex County,Compassionate Care Hospice,"Be a Hospice Volunteer! Hospice Volunteers are needed for supportive visits to patients, offering emotional support and companionship...."
Hospice Volunteers Needed- West Orange,Kindred Hospice,"Volunteer today to help patients and their families when they need help the most! At Kindred Hospice, we offer compassionate care for..."
Hospice Volunteers Needed- South Orange,Kindred Hospice,"Volunteer today to help patients and their families when they need help the most! At Kindred Hospice, we offer compassionate care for..."
Floral Park senior would like a friend,Services Now for Adult Persons,"We have a senior client in Floral Park Queens who would love a female friend to walk with, play scrabble, and possible even go to the..."
CAN YOU GIVE ONE HOUR PER WEEK?  FLEXIBLE!,Services Now for Adult Persons,"SNAP (Services Now for Adult Persons, Inc, ) services seniors in the community and delivers over 400 meals on wheels per day to home..."
Art of Life Therapy in Englewood,Jersey Cares,Connect with the human spirit and make a new friend. You can uplift and enrich someone's life through the art of conversation. This elder...
Serbian speaking volunteer needed in Oakland Gardens,Services Now for Adult Persons,We have a wonderful client who is from Serbia who would love to speak in her native tongue. She would like to walk around the...
Hospice Volunteers Needed!,Grace Healthcare Services,Grace Healthcare Services is looking for Hospice Volunteers! We welcome your gifts of time and compassion. Whether you choose to work...
Hospice Volunteers Needed!,Grace Healthcare Services,Grace Healthcare Services is looking for Hospice Volunteers! We welcome your gifts of time and compassion. Whether you choose to work...
Serenity Hospice Is Looking For Caring People To Volunteer With Our Patients!,Serenity Hospice Care,"Do you want to make a difference in the life of a terminally ill patient? Our patients are located all over NJ, in various facilities and..."
Westfield - Certified Pet Therapy Volunteer Opportunuity for Compassus Hospice!,Hospice Compassus,"Compassus Hospice is looking for gentle Certfied Pet Therapy animals and their companions, to visit the patients we serve (at home or in..."
Westfield - Compassus Hospice Seeks College Students,Hospice Compassus,Use what you have learned in the classroom to help improve the quality of life for hospice patients. Utilize free time to be...
Westfield - Compassus Hospice Companion Volunteer Opportunity!!,Hospice Compassus,Description This is a great opportunity to honor those in your community and utilize your free time! We are looking for people who are...
Senior Span Volunteers,Village of Great Neck Plaza,"The Village of Great Neck Plaza is seeking volunteers to assist on its Senior Span Program, which provides projects and programs for our..."
Great Opportunity for Healthcare Students!,Hospice Compassus,Description Use what you have learned in the classroom to help improve the quality of life for hospice patients. Utilize free time to be...
Share Your Pet's Love - Seeking Certified Pet Therapy Volunteers for Hospice!,Hospice Compassus,Life Choice Hospice is seeking Pet Therapy Volunteers to visit our hospice patients throughout Northern NJ. Providing our patients with...
Great Opportunity for Healthcare Students,Hospice Compassus,Description Use what you have learned in the classroom to help improve the quality of life for hospice patients. Utilize free time to be...
Human Service and Family Service Internships,Hospice Compassus,"Compassus Hospice offers undergraduate human service and family service internship opportunities throughout Bergen, Passaic, Morris,..."
Be an Administrative Volunteer - No Experience Necessary,Hospice Compassus,This is a wonderful opportunity to gain experience in the field of healthcare and hospice. The skills you learn here can be transferred...
Share Your Pet's Love - Seeking Certified Pet Therapy Volunteers for Hospice!,Hospice Compassus,Life Choice Hospice is seeking Pet Therapy Volunteers to visit our hospice patients throughout Northern NJ. Providing our patients with...
Westfield - Compassus Hospice ANGEL Volunteer Opportunity!!,Hospice Compassus,"Description An Angel Volunteer is a non-medical volunteer trained to provide emotional support and a compassionate presence, during the..."
Share your pet's unconditional love with hospice patients! - Northern NJ,Hospice Compassus,"""The difference between friends and pets is that, friends we allow into our company, pets we allow into our solitude."" - Robert..."
Be a Calming Presence at the End of Life,VITAS Healthcare of New Jersey Shore,VITAS Healthcare(r) is looking for kind and caring people to help terminally ill patients and their families - just by being there at the...
Hospice/Healthcare Volunteers in West Caldwell - No Experience Needed,Hospice Compassus,Join our team of volunteers. Participate in our engaging and flexible volunteer program. Help play a key role in supporting terminally...
Hospice/Healthcare Volunteers in Fairlawn - No Experience Needed,Hospice Compassus,Join our team of volunteers. Participate in our engaging and flexible volunteer program. Help play a key role in supporting terminally...
How Can You Benefit by Being a Volunteer?,Hospice Compassus,"How can you benefit by being a volunteer? Build your resume: Volunteer experience shows proof of motivation, commitment, initiative,..."
South Amboy - Certified Pet Therapy Volunteer Opportunuity for Compassus Hospice!,Hospice Compassus,"Compassus Hospice is looking for gentle Certfied Pet Therapy animals and their companions, to visit the patients we serve (at home or in..."
Great Opportunity for Healthcare Students!,Hospice Compassus,Description Use what you have learned in the classroom to help improve the quality of life for hospice patients. Utilize free time to be...
Westfield - Compassus Hospice Music Volunteer Opportunity!!,Hospice Compassus,Description This is a great opportunity to honor those in your community and utilize your free time! We are looking for people who are...
"Hospice/Healthcare Volunteers Needed - Fair Lawn, Ridgewood Area",Hospice Compassus,Join our team of volunteers. Participate in our engaging and flexible volunteer program. Help play a key role in supporting terminally...
Great Opportunity for Healthcare Students!,Hospice Compassus,Description Use what you have learned in the classroom to help improve the quality of life for hospice patients. Utilize free time to be...
"Hospice Volunteers - Companion, Music, Pet Therapy, Reiki - Dumont",Ascend Hospice,"If you have an hour or more per week to give, Ascend Hospice welcomes your gifts of time and compassion. Whether you choose to work..."
"Hospice Volunteers - Companion, Music, Pet Therapy, Reiki - Glen Rock",Ascend Hospice,"If you have an hour or more per week to give, Ascend Hospice welcomes your gifts of time and compassion. Whether you choose to work..."
"Hospice Volunteers - Companion, Music, Pet Therapy, Reiki - Fair Lawn",Ascend Hospice,"If you have an hour or more per week to give, Ascend Hospice welcomes your gifts of time and compassion. Whether you choose to work..."
"Hospice Volunteers - Companion, Music, Pet Therapy, Reiki - New Milford",Ascend Hospice,"If you have an hour or more per week to give, Ascend Hospice welcomes your gifts of time and compassion. Whether you choose to work..."
"Hospice Volunteers - Companion, Music, Pet Therapy, Reiki - Norwood",Ascend Hospice,"If you have an hour or more per week to give, Ascend Hospice welcomes your gifts of time and compassion. Whether you choose to work..."
"Hospice Volunteers - Companion, Music, Pet Therapy, Reiki - Cresskill",Ascend Hospice,"If you have an hour or more per week to give, Ascend Hospice welcomes your gifts of time and compassion. Whether you choose to work..."
"Hospice Volunteers - Companion, Music, Pet Therapy, Reiki - Oradell",Ascend Hospice,"If you have an hour or more per week to give, Ascend Hospice welcomes your gifts of time and compassion. Whether you choose to work..."
"Hospice Volunteers - Companion, Music, Pet Therapy, Reiki - Westwood",Ascend Hospice,"If you have an hour or more per week to give, Ascend Hospice welcomes your gifts of time and compassion. Whether you choose to work..."
"Hospice Volunteers - Companion, Music, Pet Therapy, Reiki - Paramus",Ascend Hospice,"If you have an hour or more per week to give, Ascend Hospice welcomes your gifts of time and compassion. Whether you choose to work..."
Hospice Volunteers -  Office/Admin - Rahway,Ascend Hospice,Ascend Hospice welcomes your gifts of time and compassion. Whether you choose to work directly with patients and families or to volunteer...
Hospice Volunteers Needed,Parker Jewish Institute for Health Care,Parker Jewish Institute’s Comprehensive Community Hospice has been providing highly specialized care to terminally ill patients...
Hospice Doula Volunteers Needed,Parker Jewish Institute for Health Care,Parker Jewish Institute for Health Care and Rehabilitation has launched a Volunteer Hospice Doula program that provides emotional support...
Help a senior - Be a nursing home volunteer,Parker Jewish Institute for Health Care,We need volunteers to visit our nursing home residents and to assist with activities to help maintain the positive and supportive...
Board of Trustee Candidates,HomeCare Options,"HomeCare Options, a licensed and accredited not-for-profit Home Health Care service firm located in Totowa, New Jersey is seeking..."
HomeCare Options' Volunteer Shopper Opportunities,HomeCare Options,"Enjoy shopping? Love to help people? HomeCare Options in Totowa, New Jersey, a licensed and accredited home health care agency, serving..."
Meals on Wheels Kitchen Help - Mornings,Sage Eldercare,Would you like to do your share to ensure that area older adults get a hot meal each weekday? Help us set up our kitchen at SAGE...
Kitchen Volunteers SAGE Eldercare Spend-A-Day,Sage Eldercare,Volunteers with a heart for serving seniors are needed to support the Spend-A-Day kitchen coordinator. Responsibilities include setting...
"Listener volunteer, Listen to Children",Jewish Family Service of MetroWest,"Older adult volunteers needed to participate in intergenerational program in Livingston, NJ school system--only. Volunteers are sought..."
Rock Steady Boxing Volunteer,JEWISH HOME AT ROCKLEIGH,"The coaching staff of our Rock Steady Boxing program at the Jewish Home Assisted Living at 685 Westwood Ave., in River Vale, is looking..."
Patient Care Hospice Volunteers Needed,VITAS Healthcare of NJN,"VITAS is looking for kind and caring people to help terminally ill patients and their families. Friendly visits, simple errands,..."
Bereavement Volunteer Needed,VITAS Healthcare of NJN,VITAS Bereavement Volunteers contact family and loved ones following the death of a VITAS patient. Volunteers ask questions and listen....
Memory Bear Crafter Volunteers Needed,VITAS Healthcare of NJN,VITAS' Memory Bear Volunteers make home-sewn bears with compassion and love to ease a hurting heart after the death of a VITAS patient....
Musical and Visual Artist Volunteers Needed,VITAS Healthcare of NJN,VITAS Innovative Hospice Care is looking for musical and visual artists to volunteer to help terminally ill patients and their families...
Administrative Volunteers Needed for Hospice Office,VITAS Healthcare of NJN,"Administrative volunteers promote hospice care by helping with office mailings, maintaining patient records, filing and assisting with..."
Feeding Assistants,VITAS Healthcare of NJN,"VITAS is searching for caring individuals to be Feeding Assistant Volunteers, helping hospice patients during meal times in nursing homes..."
It's Your Calling....Check-in on Hospice Patients and Families,VITAS Healthcare of NJN,VITAS is looking for caring individuals to share their voice and time as Telephone Assurance Program (TAP) Volunteers to help terminally...
Assist Hospice Patients in an Inpatient Setting,VITAS Healthcare of NJN,VITAS Volunteers give their time to terminally ill patients and their families in a hospital type setting. Volunteers are needed to visit...
The Longest Day,ALZHEIMERS DISEASE AND RELATED DISORDERS...,In need of committed volunteers to join our Volunteer Planning Committee for the Alzheimer's Association's second largest fundraising...
Administrative Assistant,Catholic Charities,We are looking for a volunteer to assist with a new program at Catholic Charities - Stress Busting for Caregivers. The volunteer will...
Ceramic/crafts Assistant,The Wartburg Adult Care Community,Assist our residents at the Waltemade Nursing Care Center with crafts projects and helping pour and mold the creations in our kiln.
WOW  Worship on Wheels,The Wartburg Adult Care Community,Each Sunday residents from our assisted living and our nursing home would like to attend chapel services in our Lutheran church but they...
Senior Fitness Volunteer,"Enrichment Center for Women, Children and...","Senior Activities Volunteer: Organize, promote and develop activities with hands on engagement to encourage older adults to get involved..."
Center Chief Volunteer,"Enrichment Center for Women, Children and...","The Center Kitchen provides a weekly ""home cooked"" meal to seniors living in the community. We are looking for chiefs to cook a..."
Board Member,"Enrichment Center for Women, Children and...","The Enrichment Center for Women, Children, and Families (ECWCF), a non-profit organization, is the corporate successor of the Young..."
Beauty and the Senior,The Wartburg Adult Care Community,"Pamper our residents in the Walemade Nursing Care Center, at the Meadowview Assisted Living or our Adult Day Care with hand massages and..."
Clerical Worker,The Wartburg Adult Care Community,"Many offices in our facilities such as medical billing, finance, HR, Nursing office, and Home Care that need help with filing, sorting..."
Gift Shop Attendant,The Wartburg Adult Care Community,"We have two gift shops, one at the Waltemade Nursing Care Center and the other at the Meadowview Assisted Living building that sell..."
Games Master,The Wartburg Adult Care Community,"Either assist or run our Bingo, Pokeno or many other games for the residents at the Waltemade Nursing Care Center, or the Meadowview..."
Share a Special Talent,The Wartburg Adult Care Community,"Are you musically inclined, can paint, play an instrument, act or dance? We would like to have you share those talents with us and our..."
Rehab Transporters,The Wartburg Adult Care Community,Our physical therapy and occupational therapy department at the Waltemade Nursing Care Center need people to help transport the residents...
Mealtime Assistant,The Wartburg Adult Care Community,Assist residents in our Waltemade Nursing Care Center and our Adult Day Care with their meals. Some need help cutting the food while...
Friendly Visitor,The Wartburg Adult Care Community,"Visit our residents in the Waltemade Nursing Care Center, or the Meadowview Assisted Living building or our Adult Care Center. Talk to..."
Guest Lecturer,The Wartburg Adult Care Community,We are looking for presenters to come and stimulate alert senior citizens with an interesting hobby and knowledge of different subjects...
Friendly Visiting with your Pet,The Wartburg Adult Care Community,If you have an animal that has been through a traning program to do Pet Therapy we would love to have you come and visit our residents in...
Bereavement Volunteers Wanted,MJHS Hospice and Palliative Care,"We are seeking volunteers in Nassau, Queens and Brooklyn who are interested in supporting our hospice families in grieving the loss of a..."
Be Part of Someone's Legacy--Become a Hospice Volunteer in Nassau County!,MJHS Hospice and Palliative Care,MJHS Hospice provides a specialized program of care and services for end-of-life patients. MJHS Hospice provides care for pediatric and...
Music Therapy Volunteers needed in Monmouth County,Homeside Hospice,Homeside Hospice is looking for volunteers to provide Music Therapy to our patients in assisted living and in nursing homes in Monmouth...
Volunteer companions needed for hospice patients in Union County,Homeside Hospice,Homeside Hospice is looking for volunteers to provide companionship to patients in their home or nursing home in the Princeton and...
Volunteer companions needed for hospice patients,Homeside Hospice,"Homeside Hospice is looking for volunteers to provide companionship to patients in their home or nursing home in Middlesex, Union ,..."
Music Therapy Volunteers needed in Union County,Homeside Hospice,Homeside Hospice is looking for volunteers to provide Music Therapy to our patients in assisted living and in nursing homes in Union...
Be a hospice volunteer in Union County,Compassionate Care Hospice,"Be a Hospice Volunteer! Hospice Volunteers are needed for supportive visits to patients, offering emotional support and companionship...."
Project Coordinator - Be a Leader,Jersey Cares,"Project Coordinators (PC's), volunteer in a leadership capacity at our volunteer opportunities and provide organization and a team..."
Reading Buddies After School,JCY-Westchester Community Partners,Have you ever wanted to help a young child with their homework and be a mentor? Look no further. Become a mentor and help elementary aged...
Become a Hospice Volunteer!,Grace Healthcare Services,"If you have an hour or more per week to give, Grace Healthcare Services welcomes your gifts of time and compassion. Whether you choose to..."
"Clerical and Office Volunteers Needed, Great Experience in Patient Services",VHS Hospice Services of New Jersey,"Office Support: Provide clerical support by assisting with filing, mailings, and making calls from our Totowa office location...."
Play for our Patients--Musicians,Long Island Jewish Medical Center,"We are looking for guitarists, singers, flutists, violinists to play on our Patient Units. If you have an hour to give you can make a..."
Musical and Artistic Volunteers Needed for Patient Support,VHS Hospice Services of New Jersey,Volunteer Opportunities: We at VHS Hospice Services of NJ are looking for talented volunteers to provide companionship and respite by...
Opportunity for Students in Passaic and Bergen County,VHS Hospice Services of New Jersey,"Great opportunity for students completing Internships, field placements, or volunteer service hours with hospice, can expect to gain..."
"Hospice Volunteer - Companionship, Clerical, Music, Pet Therapy - Totowa",VHS Hospice Services of New Jersey,Volunteer Opportunities: We at VHS Hospice Services of NJ are looking for hospice volunteers to provide vital services such as: Providing...
Golden Spoon: Assist staff with patient feeding,Raritan Bay Medical Center,Assists in meeting the nutritional needs of hospitalized pateints by providing social interaction during mealtime and feeding those...
Serenity Hospice Is Looking For Caring People To Volunteer With Our Patients!,Serenity Hospice Care,"Do you want to make a difference in the life of a terminally ill patient? Our patients are located all over NJ, in various facilities and..."
South Amboy - Compassus Hospice ANGEL Volunteer Opportunity!!,Hospice Compassus,"Description An Angel Volunteer is a non-medical volunteer trained to provide emotional support and a compassionate presence, during the..."
South Amboy Compassus Hospice Seeks College Students,Hospice Compassus,Use what you have learned in the classroom to help improve the quality of life for hospice patients. Utilize free time to be...
Adminstrative Volunteers Needed,Seasons Hospice of New Jersey,Seasons Hospice of NJ is a special type of healthcare which provides compassionate care to people who are at end of life. We are seeking...
Internship- Hospice Spring/Summer 2020,Embracing HospiceCare- Middlesex County,Embracing HospiceCare has Spring/Summer 2020 Semester Internship positions available for student interns. You will be placed near your...
Pet Therapist Volunteer for Hospice Patients,Embracing HospiceCare- Middlesex County,If you have a dog that has gone through a pet therapy program and is a certified pet therapy dog we would love to have you both as a part...
Office Volunteers Needed!,Grace Healthcare Services,"If you have an hour or more per week to give, Grace Healthcare Services welcomes your gifts of time and compassion. Whether you choose to..."
Office Volunteers,Caring Hospice Of Central Jersey,"Caring Hospice Services located in Edison , NJ is currently seeking Office Volunteers to assist with data entry, filing, copying and..."
Telephone Reassurance in PEQUANNOCK: Help seniors and people with disabilities,Skylands RSVP & Volunteer Resource Center...,"This program assists with a person's ability to age in place, and live alone and independently. Volunteers make calls to seniors and..."
South Amboy Compassus Hospice Companion Volunteer Opportunity!!,Hospice Compassus,Description This is a great opportunity to honor those in your community and utilize your free time! We are looking for people who are...
South Amboy - Compassus Hospice Veteran to Veteran Volunteer Opportunity!,Hospice Compassus,*Are you a Veteran who is looking to spend time with other Veterans? Compassus Hospice participates in the We Honor Veterans national...
South Amboy - Compassus Hospice Music Volunteer Opportunity!!,Hospice Compassus,Description This is a great opportunity to honor those in your community and utilize your free time! We are looking for people who are...
"Hospice Volunteers - Companion, Music, Pet Therapy, Reiki - Hillsdale",Ascend Hospice,"If you have an hour or more per week to give, Ascend Hospice welcomes your gifts of time and compassion. Whether you choose to work..."
"Hospice Volunteers - Companion, Music, Pet Therapy, Reiki - Wayne",Ascend Hospice,"If you have an hour or more per week to give, Ascend Hospice welcomes your gifts of time and compassion. Whether you choose to work..."
Human Services and Healthcare Internships Available,Holisticare Hospice,"How can you benefit by being an Intern? Build your resumé - volunteer experience shows proof of motivation, commitment, initiative,..."
Ambulatory Surgery Visitor Escort,Mount Sinai South Nassau,"Looking for volunteers to escort families who are waiting for their family member to come out of surgery. Escort to waiting areas,..."
Hospice Volunteers Needed,Embracing HospiceCare- Middlesex County,Embracing HospiceCare is a family owned hospice that provides quality care to terminally ill patients and their families in Middlesex...
Hospice Palliative Support  Volunteers,Embracing HospiceCare- Middlesex County,"Volunteers provide compassionate care and support for terminally ill patients. Reading, writing letters, listening, conversing--all make..."
Volunteer Drivers needed for Senior Citizens,At Home on the Sound,At Home on the Sound is a non-profit community-based organization serving older adults who live in Larchmont and Mamaroneck NY. Drivers...
Veterans Social in Menlo Park,Jersey Cares,Sunday Social is a fun and fantastic project fit for the whole family. The New Jersey Veteran's Home in Menlo Park is filled with history...
Games Galore in Wayne,Jersey Cares,Games Galore and More is a team of volunteers who assist the staff of a long-term care senior facility with fun activities while engaging...
Hospice Volunteers- Tuck-in Program,Grace Healthcare Services,Do you enjoy helping those in need? Do you like talking on the phone? Then Grace Healthcare Services Tuck-In program might be for you!!...
